5,33.4131,68.09326,25,,,,,,,,,,,,,,
5,33.4131,68.09326,80,,,,,,,,,,,,,,
5,32.54681,64.07227,37,,,,,,,,,,,,,,
5,28.31405,65.2478,2,,,,,,,,,,,,,,
5,33.65121,64.07227,14,,,,,,,,,,,,,,
5,33.93911,67.70995,26,,,,,,,,,,,,,,
5,34.01200,65.29296,1,,,,,,,,,,,,,,
7,36.73477,70.811995,350,,,,,,,,,,,,,,
2,35.16713,63.76954,6000,,,,,,,,,,,,,,
2,33.92513,66.26953,3013,,,,,,,,,,,,,,
2,26.41813,-0.60147,87,,,,,,,,,,,,,,
2,-16.4905382,14.6223476,99,,,,,,,,,,,,,,
2,-11.24054,17.84369,2657,,,,,,,,,,,,,,
2,-11.12097,17.80746,1679,,,,,,,,,,,,,,
2,-13.000532,17.87389,16,,,,,,,,,,,,,,
2,-16.41808,18.80762,320,,,,,,,,,,,,,,
2,-14.92806,14.65878,35,,,,,,,,,,,,,,
2,-16.4905382,14.6223476,19,,,,,,,,,,,,,,
2,-7.17367,15.40681,45,,,,,,,,,,,,,,
2,-7.17367,15.40681,66,,,,,,,,,,,,,,
5,-11.236546,17.873887,24,,,,,,,,,,,,,,
5,-13.41099,16.78711,5,,,,,,,,,,,,,,
2,-34.60372,-58.38159,1,,,,,,,,,,,,,,
2,-34.60372,-58.38159,1,,,,,,,,,,,,,,
7,-38.4161,-63.61667,597,,,,,,,,,,,,,,
7,-32.89018,-68.84405,71,,,,,,,,,,,,,,
7,-23.805604,151.254637,65,,,,,,,,,,,,,,
7,-33.28462,144.31641,13046,,,,,,,,,,,,,,
7,-26.71617,122.10205,3597,,,,,,,,,,,,,,
7,-20.91757,142.7028,1505,,,,,,,,,,,,,,
7,-33.13755,146.42578,3722,,,,,,,,,,,,,,
7,-37.81355,144.95975,4606,,,,,,,,,,,,,,
7,-37.56365,143.86719,218,,,,,,,,,,,,,,
2,-38.471308,140.785153,18,,,,,,,,,,,,,,
2,47.264901,14.89393,37,,,,,,,,,,,,,,
2,-27.672817,121.62831,2,,,,,,,,,,,,,,
2,-27.67282,121.62831,2,,,,,,,,,,,,,,
2,-30.253218,146.921099,1,,,,,,,,,,,,,,
2,-24.917574,145.902796,2,,,,,,,,,,,,,,
2,-22.73591,140.018765,3,,,,,,,,,,,,,,
2,-27.470933,153.023502,1,,,,,,,,,,,,,,
2,-37.813187,144.96298,1,,,,,,,,,,,,,,
2,-33.769464,150.908493,14,,,,,,,,,,,,,,
2,-37.471308,141.785153,16,,,,,,,,,,,,,,
2,-23.917574,141.702796,12,,,,,,,,,,,,,,
2,-32.253218,146.921099,29,,,,,,,,,,,,,,
2,-31.25322,146.9211,10,,,,,,,,,,,,,,
2,-20.917574,142.702796,1,,,,,,,,,,,,,,
2,-35.471308,144.785153,4,,,,,,,,,,,,,,
2,-29.532804,145.491477,1,,,,,,,,,,,,,,
2,-34.928621,138.599959,1,,,,,,,,,,,,,,
2,-19.491411,132.55096,1,,,,,,,,,,,,,,
2,-19.49141,132.55096,19,,,,,,,,,,,,,,
2,-30.000232,136.209155,2,,,,,,,,,,,,,,
2,-35.47347,149.01237,12,,,,,,,,,,,,,,
2,-34.92113,138.58377,1,,,,,,,,,,,,,,
2,-33.99803,146.84326,13,,,,,,,,,,,,,,
2,-22.73591,140.018765,89,,,,,,,,,,,,,,
2,-37.96443,145.05598,2,,,,,,,,,,,,,,
2,-33.76946,150.90849,2,,,,,,,,,,,,,,
2,-33.88305,151.11442,3,,,,,,,,,,,,,,
2,-20.91757,142.7028,1,,,,,,,,,,,,,,
2,-34.06777,150.81319,22,,,,,,,,,,,,,,
2,-31.94725,115.86065,1,,,,,,,,,,,,,,
2,-31.94725,115.86065,1,,,,,,,,,,,,,,
2,-25.12539,144.22852,1,,,,,,,,,,,,,,
2,-33.89379,151.22561,40,,,,,,,,,,,,,,
2,-31.25322,146.9211,2,,,,,,,,,,,,,,
3,-31.25322,146.9211,15,,,,,,,,,,,,,,
2,-34.92862,138.59996,3,,,,,,,,,,,,,,
2,-37.81411,144.96328,10,,,,,,,,,,,,,,
2,-27.61409,152.75847,35,,,,,,,,,,,,,,
2,-26.6122,150.78001,12,,,,,,,,,,,,,,
2,-20.91757,142.7028,4,,,,,,,,,,,,,,
2,-27.56433,151.95399,59,,,,,,,,,,,,,,
2,-26.62935,152.95936,1,,,,,,,,,,,,,,
3,-31.25322,146.9211,15,,,,,,,,,,,,,,
2,-28.23696,153.5098,1,,,,,,,,,,,,,,
2,-23.99618,122.8767,27,,,,,,,,,,,,,,
3,-31.95301,115.85747,30,,,,,,,,,,,,,,
2,-33.08941,151.63696,4,,,,,,,,,,,,,,
2,-27.47101,153.02345,1,,,,,,,,,,,,,,
2,-41.36504,146.62849,8,,,,,,,,,,,,,,
2,-37.74181,144.90346,3,,,,,,,,,,,,,,
2,-26,121,39,,,,,,,,,,,,,,
2,-32.16,147,1,,,,,,,,,,,,,,
2,-37.80897,144.96527,2,,,,,,,,,,,,,,
2,47.51623,14.55007,22,,,,,,,,,,,,,,
2,47.07012,12.98584,35,,,,,,,,,,,,,,
6,48.18074,15.46875,10,,,,,,,,,,,,,,
2,22.20001,90.216667,200,,,,,,,,,,,,,,
2,22.20001,92.216667,100,,,,,,,,,,,,,,
2,54.52128,26.94629,1,,,,,,,,,,,,,,
2,50.503887,4.469936,192,,,,,,,,,,,,,,
2,50.54529,4.30801,56,,,,,,,,,,,,,,
2,9.61429,2.35794,1001,,,,,,,,,,,,,,
2,9.30769,2.315834,85,,,,,,,,,,,,,,
2,44.30641,16.99664,511,,,,,,,,,,,,,,
2,43.91589,17.67908,4829,,,,,,,,,,,,,,
2,43.73935,18.3252,161,,,,,,,,,,,,,,
2,-22.32847,24.68487,1412,,,,,,,,,,,,,,
2,-23.54894,-46.63882,27,,,,,,,,,,,,,,
2,-17.93018,-43.79085,3,,,,,,,,,,,,,,
2,-8.81372,-36.95411,138,,,,,,,,,,,,,,
2,-3.73186,-38.52667,10,,,,,,,,,,,,,,
2,-5.08,39.650,370,,,,,,,,,,,,,,
7,-7.71834,-42.72892,176,,,,,,,,,,,,,,
7,-23.50153,-47.45256,31,,,,,,,,,,,,,,
7,-12.59641,-41.71841,159,,,,,,,,,,,,,,
7,1.82334,-50.8499,11,,,,,,,,,,,,,,
2,42.733883,25.48583,958,,,,,,,,,,,,,,
2,40.733883,24.48583,131,,,,,,,,,,,,,,
2,42.79943,24.90051,2,,,,,,,,,,,,,,
6,43.0167,25.92224,16,,,,,,,,,,,,,,
4,12.238333,-1.561593,5118,,,,,,,,,,,,,,
2,12.938333,-1.61593,400,,,,,,,,,,,,,,
2,11.938333,-1.761593,19000,,,,,,,,,,,,,,
2,13.238333,-1.161593,1258,,,,,,,,,,,,,,
2,7.369722,11.354722,1338,,,,,,,,,,,,,,
2,4.54357,12.91992,1305,,,,,,,,,,,,,,
2,8.369722,12.354722,160,,,,,,,,,,,,,,
2,4.04749,9.70637,111,,,,,,,,,,,,,,
5,4.85015,12.7002,4,,,,,,,,,,,,,,
5,7.36972,12.35472,5,,,,,,,,,,,,,,
2,55.93327,-117.5765,1,,,,,,,,,,,,,,
2,53.933271,-116.576504,4,,,,,,,,,,,,,,
2,53.54356,-113.49045,1,,,,,,,,,,,,,,
2,53.5555,-115.57,18,,,,,,,,,,,,,,
2,51.04532,-114.0581,36,,,,,,,,,,,,,,
2,51.06588,-114.09143,42,,,,,,,,,,,,,,
2,53.93327,-116.5765,31,,,,,,,,,,,,,,
2,53.726668,-127.647621,44,,,,,,,,,,,,,,
2,49.22949,-123.00258,4,,,,,,,,,,,,,,
2,49.15794,-121.95147,2,,,,,,,,,,,,,,
2,49.37641,-121.81593,375,,,,,,,,,,,,,,
2,56.72638,-111.38034,1,,,,,,,,,,,,,,
7,55.17887,-126.12305,247,,,,,,,,,,,,,,
7,49.15794,-121.95147,140,,,,,,,,,,,,,,
7,48.81057,-123.28215,22,,,,,,,,,,,,,,
7,51.04532,-114.05810,128,,,,,,,,,,,,,,
7,51.24841,-112.99060,1,,,,,,,,,,,,,,
2,53.54356,-113.49045,1,,,,,,,,,,,,,,
2,43.32552,-79.79903,6,,,,,,,,,,,,,,
2,43.25002,-79.86609,1,,,,,,,,,,,,,,
2,53.76086,-98.81388,7,,,,,,,,,,,,,,
2,49.78640,-97.18144,1,,,,,,,,,,,,,,
7,45.50867,-73.55399,106,,,,,,,,,,,,,,
7,46.56532,-66.46192,548,,,,,,,,,,,,,,
2,46.51071,-63.41681,2,,,,,,,,,,,,,,
7,46.74719,-64.20199,24,,,,,,,,,,,,,,
2,43.32552,-79.79903,6,,,,,,,,,,,,,,
2,51.56341,-88.94531,1,,,,,,,,,,,,,,
2,43.67664,-79.78484,1,,,,,,,,,,,,,,
2,44.47165,-79.82967,1,,,,,,,,,,,,,,
2,43.02192,-79.89096,18,,,,,,,,,,,,,,
3,51.253775,-85.323214,11,,,,,,,,,,,,,,
2,46.411572,-75.698194,6,,,,,,,,,,,,,,
2,47.411572,-75.698194,1,,,,,,,,,,,,,,
2,45.411572,-75.698194,1,,,,,,,,,,,,,,
2,45.26090,-75.69719,4,,,,,,,,,,,,,,
2,45.42153,-75.69719,1,,,,,,,,,,,,,,
2,52.939916,-73.549136,36,,,,,,,,,,,,,,
2,53.939916,-73.549136,2,,,,,,,,,,,,,,
2,52.93992,-73.54914,757,,,,,,,,,,,,,,
2,46.64364,-72.14061,19,,,,,,,,,,,,,,
2,52.939916,-106.450864,6,,,,,,,,,,,,,,
2,53.70971,-106.43555,1,,,,,,,,,,,,,,
2,53.4982,-106.44,1,,,,,,,,,,,,,,
2,52.93992,-106.45086,6,,,,,,,,,,,,,,
2,52.13340,-106.68324,1,,,,,,,,,,,,,,
2,43.65323,-79.38318,1,,,,,,,,,,,,,,
2,43.64975,-79.39898,10,,,,,,,,,,,,,,
2,45.64477,-65.87402,3,,,,,,,,,,,,,,
2,53.72667,-127.64762,8,,,,,,,,,,,,,,
2,45.47654,-75.70127,1,,,,,,,,,,,,,,
2,43.13264,-80.73906,2,,,,,,,,,,,,,,
2,43.25002,-79.86609,1,,,,,,,,,,,,,,
2,42.98695,-81.24318,2,,,,,,,,,,,,,,
3,51.9399642,-73.549136,20,,,,,,,,,,,,,,
3,49.261226,-123.113927,90,,,,,,,,,,,,,,
3,50.116168,-122.959423,15,,,,,,,,,,,,,,
7,64.28233,-135.00001,5,,,,,,,,,,,,,,
2,6.611111,20.939444,31,,,,,,,,,,,,,,
5,7.1336,20.99487,4,,,,,,,,,,,,,,
2,4.3617,18.55597,8,,,,,,,,,,,,,,
2,15.454166,19.17513,5832,,,,,,,,,,,,,,
2,16.454242,18.732207,5311,,,,,,,,,,,,,,
2,13.60328,19.09424,8650,,,,,,,,,,,,,,
2,11.78133,21.79688,4,,,,,,,,,,,,,,
2,12.10480,15.04451,2511,,,,,,,,,,,,,,
2,12.45773,16.72346,193,,,,,,,,,,,,,,
4,14.99999,18.732207,507,,,,,,,,,,,,,,
5,15.45417,18.73221,15,,,,,,,,,,,,,,
5,12.55456,16.61133,5,,,,,,,,,,,,,,
7,-33.04565,-71.62036,643,,,,,,,,,,,,,,
2,-33.416667,-70.55,1,,,,,,,,,,,,,,
2,-35.675147,-71.542969,6,,,,,,,,,,,,,,
5,35.38905,85.60547,9,,,,,,,,,,,,,,
5,37.85751,80.33203,4,,,,,,,,,,,,,,
2,35.85121,104.51569,129285,,,,,,,,,,,,,,
2,22.543099,114.057868,2156,,,,,,,,,,,,,,
2,35.85121,104.51569,52461,,,,,,,,,,,,,,
2,35.85121,104.51569,3538,,,,,,,,,,,,,,
2,50.245297,127.52846,280,,,,,,,,,,,,,,
2,35.85121,104.51569,9943,,,,,,,,,,,,,,
2,40.8175,111.76562,19,,,,,,,,,,,,,,
2,35.74428,104.07074,2731,,,,,,,,,,,,,,
2,26.5152,103.5777,1,,,,,,,,,,,,,,
2,25.04535,102.70994,336,,,,,,,,,,,,,,
2,35.46067,91.75781,27646,,,,,,,,,,,,,,
2,35.86166,104.195397,35677,,,,,,,,,,,,,,
2,31.86118,117.28492,225,,,,,,,,,,,,,,
2,24.88018,102.83286,151,,,,,,,,,,,,,,
2,33.3924,104.92652,88,,,,,,,,,,,,,,
2,39.90421,116.40739,68,,,,,,,,,,,,,,
4,30.545861,114.341921,81,,,,,,,,,,,,,,
2,4.99342,-74.29733,2,,,,,,,,,,,,,,
2,4.57087,-74.29733,4,,,,,,,,,,,,,,
2,5.01806,-74.07583,7,,,,,,,,,,,,,,
2,4.57899,-73.49992,5,,,,,,,,,,,,,,
3,5.62801,-74.30303,56,,,,,,,,,,,,,,
3,4.59806,-74.07583,323,,,,,,,,,,,,,,
7,4.570868,-73.49992,14,,,,,,,,,,,,,,
7,4.59806,-74.07583,589,,,,,,,,,,,,,,
7,7.19861,-75.34122,1,,,,,,,,,,,,,,
7,4.57087,-73.49992,1,,,,,,,,,,,,,,
2,8.39989,-5.54708,491,,,,,,,,,,,,,,
2,7.00189,-5.54708,47,,,,,,,,,,,,,,
5,7.44962,-5.71289,36,,,,,,,,,,,,,,
2,35.12641,33.42986,1,,,,,,,,,,,,,,
2,49.81749,15.47296,23,,,,,,,,,,,,,,
2,56.26392,9.50178,2,,,,,,,,,,,,,,
2,56.26392,9.50179,6,,,,,,,,,,,,,,
5,-4.310395,15.371668,3,,,,,,,,,,,,,,
2,-4.038333,21.758664,3976,,,,,,,,,,,,,,
2,-3.209257,23.730469,368,,,,,,,,,,,,,,
2,-2.41628,14.94141,4861,,,,,,,,,,,,,,
2,-3.9241,15.29866,106,,,,,,,,,,,,,,
2,-4.123891,24.739923,3000,,,,,,,,,,,,,,
2,-0.228021,15.827659,16000,,,,,,,,,,,,,,
2,-4.35808,15.301145,230,,,,,,,,,,,,,,
2,-12.1975,27.79778,60,,,,,,,,,,,,,,
2,3.73635,29.71365,210,,,,,,,,,,,,,,
2,-2.50409,20.61035,134042,,,,,,,,,,,,,,
2,2.04392,17.66889,22,,,,,,,,,,,,,,
2,-6.34831,23.57285,5516,,,,,,,,,,,,,,
2,-4,26,73844,,,,,,,,,,,,,,
2,-3.050001,26.45,75,,,,,,,,,,,,,,
2,-0.55824,21.85686,100,,,,,,,,,,,,,,
2,1.64063,26.41939,356,,,,,,,,,,,,,,
2,-7.68384,17.33777,12,,,,,,,,,,,,,,
2,-8.88511,26.41939,3000,,,,,,,,,,,,,,
2,1.85001,29.96667,500,,,,,,,,,,,,,,
2,-2.8800,23.656,81949,,,,,,,,,,,,,,
2,-4.64303,27.13182,76,,,,,,,,,,,,,,
2,-10.98333,26.73333,204,,,,,,,,,,,,,,
5,-4.038333,21.758664,63,,,,,,,,,,,,,,
5,-3.25021,24.47754,93,,,,,,,,,,,,,,
5,-4.12389,24.73992,17,,,,,,,,,,,,,,
2,-0.21217,-78.50538,64,,,,,,,,,,,,,,
2,-2.48213,-79.29932,2,,,,,,,,,,,,,,
2,-2.15281,-79.70581,1,,,,,,,,,,,,,,
2,-1.95748,-79.91927,5,,,,,,,,,,,,,,
2,-1.83124,-78.18341,26,,,,,,,,,,,,,,
2,-0.14648,-78.47519,203,,,,,,,,,,,,,,
2,-0.22315,-78.51268,3,,,,,,,,,,,,,,
2,-1.26353,-78.56609,68,,,,,,,,,,,,,,
3,26.82055,30.8025,107,,,,,,,,,,,,,,
3,30.04442,31.23571,12,,,,,,,,,,,,,,
3,29.3084,30.84285,38,,,,,,,,,,,,,,
3,29.06613,31.09938,48,,,,,,,,,,,,,,
3,28.25016,29.97405,95,,,,,,,,,,,,,,
3,28.76662,29.23208,240,,,,,,,,,,,,,,
3,30.06601,31.22006,43,,,,,,,,,,,,,,
2,29.20317,25.51955,139,,,,,,,,,,,,,,
2,52.35552,-1.17432,10,,,,,,,,,,,,,,
4,10.16937,-9.86256,233,,,,,,,,,,,,,,
2,10.16937,-9.86256,129,,,,,,,,,,,,,,
2,1.650801,10.267895,300,,,,,,,,,,,,,,
5,1.65080,10.26789,5,,,,,,,,,,,,,,
2,58.59527,25.01361,3,,,,,,,,,,,,,,
2,9.14501,40.489673,3255,,,,,,,,,,,,,,
2,10.14501,41.489513,823,,,,,,,,,,,,,,
2,9.23953,40.58229,8261,,,,,,,,,,,,,,
2,9.19412,40.57191,4470,,,,,,,,,,,,,,
2,9.14501,41.486615,47,,,,,,,,,,,,,,
2,9.16591,40.51148,3100,,,,,,,,,,,,,,
2,9.14500,40.48967,3322,,,,,,,,,,,,,,
5,6.66123,43.79085,6,,,,,,,,,,,,,,
5,4.17552,42.05770,1,,,,,,,,,,,,,,
2,5.32828,162.97273,2,,,,,,,,,,,,,,
2,-17.69939,178.07190,3,,,,,,,,,,,,,,
4,-17.77484,177.83638,42,,,,,,,,,,,,,,
6,-17.713371,178.9665012,3,,,,,,,,,,,,,,
6,-16.7199,178.065032,28,,,,,,,,,,,,,,
4,-17.713371,178.065032,20,,,,,,,,,,,,,,
2,61.92411,25.74815,5,,,,,,,,,,,,,,
2,60.25117,24.0675,1,,,,,,,,,,,,,,
2,44.59047,-0.21973,859,,,,,,,,,,,,,,
2,45.17429,6.03149,1,,,,,,,,,,,,,,
2,46.227638,3.21453,14949,,,,,,,,,,,,,,
2,47.227638,3.9453631,464,,,,,,,,,,,,,,
2,46.22764,2.21375,350,,,,,,,,,,,,,,
2,44.436078,-1.147844,3,,,,,,,,,,,,,,
2,43.836699,4.360054,12,,,,,,,,,,,,,,
2,45.16958,5.450282,2000,,,,,,,,,,,,,,
2,43.40233,45.71875,2668,,,,,,,,,,,,,,
2,42.31541,43.35689,3191,,,,,,,,,,,,,,
2,41.71667,44.78333,100,,,,,,,,,,,,,,
2,50.92554,10.76111,183,,,,,,,,,,,,,,
2,51.165691,10.451526,13,,,,,,,,,,,,,,
2,48.79045,11.49789,60,,,,,,,,,,,,,,
2,52.51917,13.40609,323,,,,,,,,,,,,,,
3,48.790447,11.497889,115,,,,,,,,,,,,,,
2,52.523405,13.4114,62,,,,,,,,,,,,,,
2,52.49347,13.53756,468,,,,,,,,,,,,,,
2,53.55108,9.99368,216,,,,,,,,,,,,,,
2,50.111445,8.680615,45,,,,,,,,,,,,,,
2,50.94365,6.73491,29,,,,,,,,,,,,,,
2,49,8.4,1,,,,,,,,,,,,,,
2,9.39398,-0.82372,3,,,,,,,,,,,,,,
4,7.946527,-1.023194,96,,,,,,,,,,,,,,
2,36.137741,-5.345374,250,,,,,,,,,,,,,,
2,39.074208,21.824312,126,,,,,,,,,,,,,,
3,13.444304,144.793731,142,,,,,,,,,,,,,,
2,13.44430,144.79373,1,,,,,,,,,,,,,,
4,15.783471,-90.230759,4336,,,,,,,,,,,,,,
5,10.27709,-10.41504,3,,,,,,,,,,,,,,
2,9.945587,-9.696645,1013,,,,,,,,,,,,,,
2,9.94559,-9.69664,1590,,,,,,,,,,,,,,
4,18.971187,-72.285215,24,,,,,,,,,,,,,,
5,20.593684,78.96288,5,,,,,,,,,,,,,,
2,27.25831,93.03759,30,,,,,,,,,,,,,,
5,22.98676,87.85498,1,,,,,,,,,,,,,,
2,23.25993,77.41262,50,,,,,,,,,,,,,,
4,29.058776,76.085601,43,,,,,,,,,,,,,,
4,29.06772,76.10916,14,,,,,,,,,,,,,,
2,17.385044,78.486671,345,,,,,,,,,,,,,,
2,15.317277,75.713888,1,,,,,,,,,,,,,,
2,34.149088,76.825965,5,,,,,,,,,,,,,,
2,26.846511,80.946683,3,,,,,,,,,,,,,,
2,28.57552,77.24195,29339,,,,,,,,,,,,,,
5,19.75148,75.71389,4,,,,,,,,,,,,,,
7,27.023804,74.217933,5,,,,,,,,,,,,,,
2,19.16667,83.41667,9,,,,,,,,,,,,,,
2,27.570589,80.098187,5,,,,,,,,,,,,,,
2,19.31496,84.79409,20,,,,,,,,,,,,,,
2,20.994481,86.111813,10,,,,,,,,,,,,,,
5,27.570589,80.098187,32,,,,,,,,,,,,,,
2,22.23421,82.04071,3,,,,,,,,,,,,,,
2,12.97160,77.59456,40,,,,,,,,,,,,,,
2,22.26776,70.79950,11,,,,,,,,,,,,,,
2,28.56562,77.24339,800,,,,,,,,,,,,,,
4,22.71957,75.85773,15,,,,,,,,,,,,,,
4,17.38504,78.48667,15,,,,,,,,,,,,,,
6,-0.78928,113.92133,3,,,,,,,,,,,,,,
2,-2.28455,120.27832,21893,,,,,,,,,,,,,,
2,-8.40952,115.18892,6300,,,,,,,,,,,,,,
4,-6.21154,106.84517,1,,,,,,,,,,,,,,
5,33.32500,44.42200,2,,,,,,,,,,,,,,
2,55.9845,-5.935594,60,,,,,,,,,,,,,,
2,53.581657,-5.935594,8,,,,,,,,,,,,,,
2,53.34399,-6.30615,139,,,,,,,,,,,,,,
2,53.41291,-8.24389,23,,,,,,,,,,,,,,
2,51.89787,-8.47109,64,,,,,,,,,,,,,,
2,54.57007,-5.95184,4,,,,,,,,,,,,,,
2,53.41291,-8.24389,217,,,,,,,,,,,,,,
2,53.27854,-9.06046,15,,,,,,,,,,,,,,
3,54.99661,-7.30857,3,,,,,,,,,,,,,,
3,31.046051,34.851612,4185,,,,,,,,,,,,,,
2,31.44741,34.9585,12,,,,,,,,,,,,,,
2,31.04605,34.85161,96,,,,,,,,,,,,,,
3,31.99991,36.851612,105,,,,,,,,,,,,,,
5,31.24757,34.86119,7,,,,,,,,,,,,,,
2,41.87194,12.56738,5189,,,,,,,,,,,,,,
2,42.9725,12.40356,724,,,,,,,,,,,,,,
2,40.63273,17.94176,32,,,,,,,,,,,,,,
2,41.87194,12.56738,1642,,,,,,,,,,,,,,
6,35.63944,136.53809,2353,,,,,,,,,,,,,,
6,37.99616,140.05371,10102,,,,,,,,,,,,,,
6,35.68853,139.21875,133,,,,,,,,,,,,,,
2,39.26628,140.93262,293,,,,,,,,,,,,,,
2,36.20482,138.25292,119,,,,,,,,,,,,,,
2,32.4186,38.31657,13,,,,,,,,,,,,,,
2,43.71885,54.19707,317,,,,,,,,,,,,,,
2,55.05547,73.31673,8,,,,,,,,,,,,,,
2,47.45121,64.48289,212,,,,,,,,,,,,,,
5,-0.02356,37.90619,3,,,,,,,,,,,,,,
5,-0.023559,37.01231,13,,,,,,,,,,,,,,
5,0.05426,40.30837,14,,,,,,,,,,,,,,
2,-0.05725,37.83897,1279,,,,,,,,,,,,,,
2,1.58887,35.285,500,,,,,,,,,,,,,,
2,0.18359,35.12688,5,,,,,,,,,,,,,,
2,0.78333,34.71667,20,,,,,,,,,,,,,,
2,-1.08333,35.86667,346,,,,,,,,,,,,,,
2,-0.0418,37.94291,1374,,,,,,,,,,,,,,
2,3.62682,36.00232,21,,,,,,,,,,,,,,
2,42.09098,74.15086,7031,,,,,,,,,,,,,,
2,40.53,72.8,7000,,,,,,,,,,,,,,
2,6.428055,-9.429499,1341,,,,,,,,,,,,,,
2,6.99813,-9.47343,2,,,,,,,,,,,,,,
7,4.72589,-7.74167,500,,,,,,,,,,,,,,
2,-29.60999,28.23361,2857,,,,,,,,,,,,,,
3,41.608635,21.745275,16352,,,,,,,,,,,,,,
2,42.003812,21.452246,678,,,,,,,,,,,,,,
5,-20.0000,47.0000,1,,,,,,,,,,,,,,
2,-13.254308,34.301525,17496,,,,,,,,,,,,,,
2,-13.254308,36.301525,77000,,,,,,,,,,,,,,
2,-13.28113,34.31228,533,,,,,,,,,,,,,,
2,-13.22942,34.32369,19,,,,,,,,,,,,,,
2,4.21048,101.97577,332,,,,,,,,,,,,,,
2,4.21048,101.97577,56,,,,,,,,,,,,,,
2,4.21048,101.97577,74,,,,,,,,,,,,,,
2,4.21048,101.97577,1569,,,,,,,,,,,,,,
2,4.21048,101.97577,1223,,,,,,,,,,,,,,
5,19.14517,-1.05469,7,,,,,,,,,,,,,,
2,17.570692,-3.996166,1990,,,,,,,,,,,,,,
2,17.58193,-3.92495,3086,,,,,,,,,,,,,,
2,21.00789,-10.94084,863,,,,,,,,,,,,,,
2,23.634501,-3.92495,1,,,,,,,,,,,,,,
2,21.018111,-101.25832,1,,,,,,,,,,,,,,
2,24.26694,-98.836275,2,,,,,,,,,,,,,,
2,31.74777,-115.66517,1,,,,,,,,,,,,,,
2,-18.6657,35.52956,2318,,,,,,,,,,,,,,
5,21.913965,95.956223,1,,,,,,,,,,,,,,
2,23.16056,97.91016,40,,,,,,,,,,,,,,
2,-17.7836,15.6994,30,,,,,,,,,,,,,,
2,-17.59793,16.81784,10,,,,,,,,,,,,,,
2,-22.97238,18.55453,2242,,,,,,,,,,,,,,
2,-22.95764,18.49041,2222,,,,,,,,,,,,,,
2,26.876192,85.80766,400,,,,,,,,,,,,,,
2,51.49403,3.84968,2016,,,,,,,,,,,,,,
2,52.13263,5.29127,2,,,,,,,,,,,,,,
3,52.132633,5.291266,172,,,,,,,,,,,,,,
2,52.090142,4.065843,34,,,,,,,,,,,,,,
7,52.43878,6.50164,12868,,,,,,,,,,,,,,
7,-44.55916,170.2002,328,,,,,,,,,,,,,,
2,-43.42101,174.46338,45,,,,,,,,,,,,,,
2,-36.87797,174.57962,75,,,,,,,,,,,,,,
2,-36.90021,174.74828,24,,,,,,,,,,,,,,
2,-36.86245,174.7439,34,,,,,,,,,,,,,,
2,-36.84846,174.76333,2,,,,,,,,,,,,,,
2,-38.84846,175.00654,1,,,,,,,,,,,,,,
2,-36.84846,174.0132,3,,,,,,,,,,,,,,
2,-36.11846,174.99999,12,,,,,,,,,,,,,,
2,-36.00846,175.01532,30,,,,,,,,,,,,,,
2,-38.1589,176.00001,48,,,,,,,,,,,,,,
2,-39.9999,177.00001,64,,,,,,,,,,,,,,
2,-40.6655,175.55555,104,,,,,,,,,,,,,,
2,-36.84846,174.76333,105,,,,,,,,,,,,,,
2,-36.88801,174.72909,28,,,,,,,,,,,,,,
6,-39.84846,174.65201,2,,,,,,,,,,,,,,
7,-36.84846,174.76333,274,,,,,,,,,,,,,,
2,-38.09334,176.41873,10,,,,,,,,,,,,,,
7,-43.754227,171.163725,15,,,,,,,,,,,,,,
2,-39.771162,177.04313,12,,,,,,,,,,,,,,
7,-41.27063,173.28397,67,,,,,,,,,,,,,,
6,-35.579546,173.762405,1,,,,,,,,,,,,,,
2,-44.82801,169.63453,2,,,,,,,,,,,,,,
2,-45.48489,170.71489,1,,,,,,,,,,,,,,
2,-41.1339,174.8406,3,,,,,,,,,,,,,,
2,-45.84892,167.67554,1,,,,,,,,,,,,,,
2,-45.80201,168.2309,3,,,,,,,,,,,,,,
2,-41.28006,174.76913,3,,,,,,,,,,,,,,
2,-41.28643,174.77624,4,,,,,,,,,,,,,,
2,-38.05943,175.43756,281,,,,,,,,,,,,,,
7,14.050776,-85.106437,70,,,,,,,,,,,,,,
2,17.607789,8.081666,352,,,,,,,,,,,,,,
2,13.512668,2.112516,1630,,,,,,,,,,,,,,
5,18.22935,10.45898,5,,,,,,,,,,,,,,
5,18.81272,11.51367,1,,,,,,,,,,,,,,
5,14.901,5.26667,1,,,,,,,,,,,,,,
2,9.05582,8.62667,9415,,,,,,,,,,,,,,
2,9.04361,8.64967,4800,,,,,,,,,,,,,,
2,9.081999,6.665842,25,,,,,,,,,,,,,,
2,9.081999,8.50001,4771,,,,,,,,,,,,,,
2,8.000042,5.675277,14028,,,,,,,,,,,,,,
2,10.637109,10.08073,2000,,,,,,,,,,,,,,
2,12.187141,11.706829,3022,,,,,,,,,,,,,,
2,9.6874,7.64648,18843,,,,,,,,,,,,,,
2,11.7383,6.02051,471,,,,,,,,,,,,,,
2,11.67812,4.06955,192,,,,,,,,,,,,,,
2,11.67812,4.06955,37,,,,,,,,,,,,,,
2,12.45519,4.19684,93,,,,,,,,,,,,,,
2,12.0001,8.51667,8000,,,,,,,,,,,,,,
2,10.51667,7.43333,500,,,,,,,,,,,,,,
2,10.51667,7.43333,1000,,,,,,,,,,,,,,
2,12.7368,7.1521,1260,,,,,,,,,,,,,,
2,10.2824,11.17479,173,,,,,,,,,,,,,,
2,11.58767,8.41553,3588,,,,,,,,,,,,,,
2,8.9719,4.57031,36428,,,,,,,,,,,,,,
2,2.54756,9.01244,1260,,,,,,,,,,,,,,
2,4.867777,5.898714,9,,,,,,,,,,,,,,
2,9.32505,12.43806,17,,,,,,,,,,,,,,
5,10.00243,8.99999,3,,,,,,,,,,,,,,
5,9.34067,8.25348,62,,,,,,,,,,,,,,
5,9.08201,8.67528,1,,,,,,,,,,,,,,
5,10.51667,7.43333,121,,,,,,,,,,,,,,
5,7.98688,10.9807,1,,,,,,,,,,,,,,
5,12.99302,7.60616,34,,,,,,,,,,,,,,
5,12.0001,8.51667,3,,,,,,,,,,,,,,
5,10.51667,7.43333,1,,,,,,,,,,,,,,
5,8.85568,7.17903,1,,,,,,,,,,,,,,
5,7.98688,10.9807,1,,,,,,,,,,,,,,
5,12.18714,11.70683,1,,,,,,,,,,,,,,
5,12.12052,13.17403,51,,,,,,,,,,,,,,
5,9.08201,8.67528,6,,,,,,,,,,,,,,
5,9,9,26,,,,,,,,,,,,,,
4,12.187141,11.706829,51,,,,,,,,,,,,,,
4,9.187141,11.706829,322,,,,,,,,,,,,,,
2,60.47202,8.46895,33,,,,,,,,,,,,,,
2,40.10000,124.40000,,,,,,,,,,,,,,,
5,27.09825,66.18164,144,,,,,,,,,,,,,,
5,25.67849,68.50236,2,,,,,,,,,,,,,,
5,27.09825,66.18164,198,,,,,,,,,,,,,,
5,28.49073,65.09578,73,,,,,,,,,,,,,,
5,28.53627,67.23633,58,,,,,,,,,,,,,,
5,28.49073,65.09578,11,,,,,,,,,,,,,,
5,28.61346,63.7207,85,,,,,,,,,,,,,,
5,30.37532,69.34512,356,,,,,,,,,,,,,,
5,30,68,20,,,,,,,,,,,,,,
5,30.37532,69.48639,13,,,,,,,,,,,,,,
2,26.724409,67.769547,11,,,,,,,,,,,,,,
2,30.375321,69.345116,11,,,,,,,,,,,,,,
2,28.0332,64.73145,4386,,,,,,,,,,,,,,
2,32.667476,69.859741,5,,,,,,,,,,,,,,
2,28.24006,69.18523,45,,,,,,,,,,,,,,
2,34.95262,72.33111,648,,,,,,,,,,,,,,
2,25.81473,68.57666,20,,,,,,,,,,,,,,
2,25.8943,68.52471,43,,,,,,,,,,,,,,
2,25.82462,67.8186,246,,,,,,,,,,,,,,
2,25.2745,67.56592,2475,,,,,,,,,,,,,,
2,25.8943,68.52471,737,,,,,,,,,,,,,,
2,25.89430,68.52471,2,,,,,,,,,,,,,,
2,31.17041,72.70972,582,,,,,,,,,,,,,,
2,28.49073,65.09578,102,,,,,,,,,,,,,,
2,32.66748,69.85974,49,,,,,,,,,,,,,,
2,33.71815,73.06055,14,,,,,,,,,,,,,,
2,32.32024,70.27506,70,,,,,,,,,,,,,,
2,34.33333,73.20001,1,,,,,,,,,,,,,,
2,32.98374,70.29053,5,,,,,,,,,,,,,,
2,35.47824,72.5885,100,,,,,,,,,,,,,,
2,32.66748,67.8721,25,,,,,,,,,,,,,,
2,34.21722,71.55556,1,,,,,,,,,,,,,,
2,33.6058,73.04375,23,,,,,,,,,,,,,,
2,30.19019,71.45802,40,,,,,,,,,,,,,,
2,32.15001,74.18333,6,,,,,,,,,,,,,,
2,27.91677,67.0166,25401,,,,,,,,,,,,,,
2,30.2389,71.48666,5,,,,,,,,,,,,,,
2,33.63663,73.06732,59,,,,,,,,,,,,,,
2,31.17041,72.70972,146,,,,,,,,,,,,,,
2,31.47532,69.34512,1329,,,,,,,,,,,,,,
2,28.49073,65.09578,400,,,,,,,,,,,,,,
2,25.67849,68.50236,2,,,,,,,,,,,,,,
6,24.75789,67.92614,100,,,,,,,,,,,,,,
7,29.03333,69.15,13,,,,,,,,,,,,,,
7,33.72939,73.09315,11,,,,,,,,,,,,,,
2,8.537981,-80.782127,3,,,,,,,,,,,,,,
2,-6.31499,143.95555,2,,,,,,,,,,,,,,
2,-4.98497,145.13758,1703,,,,,,,,,,,,,,
2,12.87972,121.77402,874,,,,,,,,,,,,,,
2,12.87972,121.77402,1485,,,,,,,,,,,,,,
2,12.87972,121.77402,672,,,,,,,,,,,,,,
2,14.879721,121.774017,2000,,,,,,,,,,,,,,
2,13.546421,121.774017,1794,,,,,,,,,,,,,,
2,12.879721,121.774017,669,,,,,,,,,,,,,,
2,14.60905,121.02226,1724,,,,,,,,,,,,,,
2,10.3157,123.88544,11,,,,,,,,,,,,,,
4,10.3157,123.88544,999,,,,,,,,,,,,,,
2,10.64074,122.96896,51,,,,,,,,,,,,,,
2,9.944251,123.617577,7,,,,,,,,,,,,,,
2,17.437496,121.07937,95,,,,,,,,,,,,,,
2,11.70611,122.36444,15,,,,,,,,,,,,,,
2,16.437496,121.07937,476,,,,,,,,,,,,,,
2,7.064444,125.607778,30,,,,,,,,,,,,,,
2,10.74697,122.49756,2,,,,,,,,,,,,,,
2,14.60905,121.02226,15,,,,,,,,,,,,,,
2,13.71004,122.31079,6538,,,,,,,,,,,,,,
2,12.87972,121.77402,58010,,,,,,,,,,,,,,
2,7.2,124.85,65,,,,,,,,,,,,,,
2,51.919438,19.145136,214,,,,,,,,,,,,,,
2,52.22968,21.01223,49,,,,,,,,,,,,,,
6,52.50953,16.12793,5403,,,,,,,,,,,,,,
6,53.35931,20.41955,39122,,,,,,,,,,,,,,
2,39.399872,-8.224454,1,,,,,,,,,,,,,,
5,-0.228021,15.827659,120,,,,,,,,,,,,,,
5,-0.228021,15.827659,184,,,,,,,,,,,,,,
2,-4.26667,15.28333,900,,,,,,,,,,,,,,
2,45.94316,24.96676,4189,,,,,,,,,,,,,,
2,45.70618,26.08154,4154,,,,,,,,,,,,,,
6,47.20908,23.21219,1840,,,,,,,,,,,,,,
6,46.87521,25.75195,24272,,,,,,,,,,,,,,
5,61.52401,105.318756,7,,,,,,,,,,,,,,
2,48.70001,44.51667,100,,,,,,,,,,,,,,
2,54.603507,127.480172,55,,,,,,,,,,,,,,
2,44.82292,40.17545,11,,,,,,,,,,,,,,
2,46.354889,48.052719,17,,,,,,,,,,,,,,
2,46.36667,48.08333,148,,,,,,,,,,,,,,
2,43.40233,45.71875,25,,,,,,,,,,,,,,
2,55.17453,61.42668,38,,,,,,,,,,,,,,
2,56.83333,53.18333,6,,,,,,,,,,,,,,
2,42.14319,47.09498,120,,,,,,,,,,,,,,
2,55.98644,37.20211,20,,,,,,,,,,,,,,
2,55.75124,37.61842,136,,,,,,,,,,,,,,
2,54.78333,32.05,3,,,,,,,,,,,,,,
2,56.82418,53.19432,12,,,,,,,,,,,,,,
4,54.70001,20.5,10,,,,,,,,,,,,,,
2,56.001251,92.88559,9,,,,,,,,,,,,,,
2,56.001251,92.88559,4,,,,,,,,,,,,,,
2,51.7634,35.38118,78,,,,,,,,,,,,,,
4,55.755786,37.617633,930,,,,,,,,,,,,,,
2,68.99307,33.11845,2,,,,,,,,,,,,,,
2,57.18333,39.41667,21,,,,,,,,,,,,,,
4,54.62466,39.738571,2304,,,,,,,,,,,,,,
2,58.05001,38.83333,9,,,,,,,,,,,,,,
2,60.07624,30.12138,31,,,,,,,,,,,,,,
2,45.05001,41.96667,27,,,,,,,,,,,,,,
2,55.18024,50.72639,720,,,,,,,,,,,,,,
2,51.65001,39.2,5,,,,,,,,,,,,,,
2,47.68532,41.82590,185,,,,,,,,,,,,,,
2,66.06531,76.93452,16,,,,,,,,,,,,,,
2,53.97934,47.77624,1,,,,,,,,,,,,,,
2,59.93428,30.33510,16,,,,,,,,,,,,,,
2,48.89364,2.33739,219,,,,,,,,,,,,,,
2,50.58709,86.87345,32,,,,,,,,,,,,,,
2,42.14319,47.35316,526,,,,,,,,,,,,,,
2,57.16667,65.5,38,,,,,,,,,,,,,,
2,60.94312,76.54337,10,,,,,,,,,,,,,,
2,62.18730,92.66251,0,,,,,,,,,,,,,,
2,-2.662764,29.464359,2,,,,,,,,,,,,,,
4,-13.91341,-171.73494,10,,,,,,,,,,,,,,
2,13.98738,-12.86499,560,,,,,,,,,,,,,,
2,14.4974,-14.45236,1429,,,,,,,,,,,,,,
5,15.497401,-14.452362,18,,,,,,,,,,,,,,
2,44.016521,21.005859,300,,,,,,,,,,,,,,
3,45.26223,19.85186,119,,,,,,,,,,,,,,
4,8.84165,-11.72241,10800,,,,,,,,,,,,,,
2,8.460555,-11.779889,351,,,,,,,,,,,,,,
2,1.35208,103.81984,18,,,,,,,,,,,,,,
2,1.35208,103.81984,16,,,,,,,,,,,,,,
2,1.35208,103.81984,54,,,,,,,,,,,,,,
2,1.35208,103.81984,143,,,,,,,,,,,,,,
2,1.35208,103.81984,21,,,,,,,,,,,,,,
2,1.28009,103.85095,7,,,,,,,,,,,,,,
2,1.28009,103.85095,99,,,,,,,,,,,,,,
2,45.95498,13.6493,44,,,,,,,,,,,,,,
2,46.151241,14.995463,3,,,,,,,,,,,,,,
6,-9.64571,160.15619,6,,,,,,,,,,,,,,
2,-9.43509,159.95124,3802,,,,,,,,,,,,,,
2,9.98699,45.29939,52,,,,,,,,,,,,,,
2,5.15215,46.19962,4288,,,,,,,,,,,,,,
2,5.152149,46.199616,17298,,,,,,,,,,,,,,
2,2.716667,44.516667,30,,,,,,,,,,,,,,
2,5.152149,46.199616,4,,,,,,,,,,,,,,
2,5.18501,46.82528,30,,,,,,,,,,,,,,
2,0.51556,42.07333,2350,,,,,,,,,,,,,,
5,2.03333,45.35001,183,,,,,,,,,,,,,,
5,2.03333,45.35001,5,,,,,,,,,,,,,,
2,-31.559482,22.937506,4806,,,,,,,,,,,,,,
2,-30.50977,23.00168,24393,,,,,,,,,,,,,,
2,-32.84267,26.19141,2510,,,,,,,,,,,,,,
2,-30.55058,23.01833,36,,,,,,,,,,,,,,
2,-26.270759,28.112268,1034,,,,,,,,,,,,,,
2,-32.270759,28.112268,5,,,,,,,,,,,,,,
2,-29.204103,28.047305,48,,,,,,,,,,,,,,
2,-30.73134,28.21837,97,,,,,,,,,,,,,,
2,-33.92487,21.85686,49,,,,,,,,,,,,,,
2,15.7661969,24.9042208,77,,,,,,,,,,,,,,
2,8.927721,29.788925,91,,,,,,,,,,,,,,
5,8.53604,26.79678,3,,,,,,,,,,,,,,
5,9.2333333,29.8333333,1,,,,,,,,,,,,,,
2,5.97291,28.82956,20,,,,,,,,,,,,,,
2,40.463667,-3.74922,65,,,,,,,,,,,,,,
2,37.9976487,-3.597929,20,,,,,,,,,,,,,,
2,37.176487,-3.597929,46,,,,,,,,,,,,,,
2,37.544271,-4.727753,1759,,,,,,,,,,,,,,
2,37.998264,-5.996295,785,,,,,,,,,,,,,,
2,41.597628,-0.905662,20,,,,,,,,,,,,,,
2,37.38264,-5.426295,77,,,,,,,,,,,,,,
2,43.250439,-5.983258,4,,,,,,,,,,,,,,
2,28.291564,-16.62913,25,,,,,,,,,,,,,,
2,38.34521,-0.48099,21,,,,,,,,,,,,,,
2,39.47024,-0.3768,51,,,,,,,,,,,,,,
2,42.57506,-8.13386,7,,,,,,,,,,,,,,
2,42.19597,-4.83398,3802,,,,,,,,,,,,,,
2,37.85751,-2.8125,735,,,,,,,,,,,,,,
2,38.48584,-0.57129,178,,,,,,,,,,,,,,
2,39.69526,3.01757,12,,,,,,,,,,,,,,
2,41.59116,1.52086,102,,,,,,,,,,,,,,
3,41.9818,2.8237,148,,,,,,,,,,,,,,
3,43.55571,-5.92764,131,,,,,,,,,,,,,,
3,43.18665,-5.91408,150,,,,,,,,,,,,,,
3,42.49235,-8.37158,193,,,,,,,,,,,,,,
6,41.04894,-0.13063,17,,,,,,,,,,,,,,
6,41.37681,-4.57031,58,,,,,,,,,,,,,,
7,38.34601,-0.49069,16,,,,,,,,,,,,,,
2,18.92283,32.13828,37,,,,,,,,,,,,,,
2,17.30869,29.9707,5616,,,,,,,,,,,,,,
2,12.0558,24.89041,1,,,,,,,,,,,,,,
2,14.37827,24.90422,2,,,,,,,,,,,,,,
2,12.00000,30.75000,93,,,,,,,,,,,,,,
7,15.7662,24.90422,58,,,,,,,,,,,,,,
2,-26.522503,31.465866,281,,,,,,,,,,,,,,
2,60.12816,18.6435,32,,,,,,,,,,,,,,
2,59.26869,18.01208,10,,,,,,,,,,,,,,
2,59.55415,16.53413,1,,,,,,,,,,,,,,
6,60.41385,15.0293,51,,,,,,,,,,,,,,
2,46.818188,8.227512,515,,,,,,,,,,,,,,
2,46.818188,8.9927512,337,,,,,,,,,,,,,,
2,46.598392,6.542296,41,,,,,,,,,,,,,,
2,46.198392,6.342296,80,,,,,,,,,,,,,,
2,46.991313,7.536765,58,,,,,,,,,,,,,,
2,46.561313,6.536765,22,,,,,,,,,,,,,,
2,35.82688,36.69572,7000,,,,,,,,,,,,,,
2,34.80207,38.99681,13,,,,,,,,,,,,,,
2,34.80207,38.99681,700,,,,,,,,,,,,,,
5,35.33333,40.15001,17,,,,,,,,,,,,,,
5,36.12634,39.78783,1,,,,,,,,,,,,,,
2,23.69781,120.960515,12,,,,,,,,,,,,,,
6,23.009781,120.960515,1,,,,,,,,,,,,,,
2,25.091075,121.559834,3,,,,,,,,,,,,,,
2,24.55712,121.55273,1,,,,,,,,,,,,,,
2,23.69781,120.96052,2,,,,,,,,,,,,,,
2,23.69781,120.96051,26,,,,,,,,,,,,,,
6,24.70940,121.39585,6,,,,,,,,,,,,,,
6,22.82030,120.63973,1,,,,,,,,,,,,,,
5,38.861034,71.276093,430,,,,,,,,,,,,,,
2,-6.36903,34.88882,70,,,,,,,,,,,,,,
2,-6.369028,33.5646,650,,,,,,,,,,,,,,
2,-7.85794,34.64539,1086,,,,,,,,,,,,,,
2,8.619543,0.824782,295,,,,,,,,,,,,,,
2,-21.13333,-175.20000,400,,,,,,,,,,,,,,
2,41.00527,28.97696,80,,,,,,,,,,,,,,
2,39.92077,32.85411,6983,,,,,,,,,,,,,,
7,52.13066,-3.78371,2466,,,,,,,,,,,,,,
7,54.80068,-2.0874,1080,,,,,,,,,,,,,,
4,52.019029,-0.770427,3,,,,,,,,,,,,,,
6,51.08952,-1.21684,14,,,,,,,,,,,,,,
6,53.09402,-1.58203,65,,,,,,,,,,,,,,
3,51.746774,-2.225786,10,,,,,,,,,,,,,,
3,53.26928,-4.321285,23,,,,,,,,,,,,,,
3,50.370381,-4.142653,46,,,,,,,,,,,,,,
3,50.798914,-1.091163,66,,,,,,,,,,,,,,
3,52.469978,-3.830377,26,,,,,,,,,,,,,,
3,56.490671,-4.202646,9,,,,,,,,,,,,,,
3,54.577232,-2.797483,12,,,,,,,,,,,,,,
3,50.942297,-0.037438,112,,,,,,,,,,,,,,
3,53.217882,-0.19997,43,,,,,,,,,,,,,,
3,52.063422,-0.449777,61,,,,,,,,,,,,,,
3,56.41041,-5.469723,119,,,,,,,,,,,,,,
3,53.969009,-2.627691,47,,,,,,,,,,,,,,
3,53.480713,-2.234377,35,,,,,,,,,,,,,,
3,51.260145,0.55528,10,,,,,,,,,,,,,,
3,51.500152,-0.126236,4,,,,,,,,,,,,,,
3,55.86424,-4.25181,30,,,,,,,,,,,,,,
3,54.23611,-4.54806,196,,,,,,,,,,,,,,
3,51.75202,-1.25773,3,,,,,,,,,,,,,,
3,51.75279,-1.25519,18,,,,,,,,,,,,,,
3,52.62847,-1.12085,847,,,,,,,,,,,,,,
3,52.62847,-2.26231,364,,,,,,,,,,,,,,
2,55.378051,-3.435973,1049,,,,,,,,,,,,,,
2,53.238342,-2.563342,22,,,,,,,,,,,,,,
2,52.267135,-1.467522,12,,,,,,,,,,,,,,
2,52.469978,-3.830377,207,,,,,,,,,,,,,,
2,55.208254,-2.078414,110,,,,,,,,,,,,,,
2,50.63185,-3.38242,33,,,,,,,,,,,,,,
2,51.652929,-0.199606,8,,,,,,,,,,,,,,
2,53.799639,-1.549122,15,,,,,,,,,,,,,,
2,51.260145,0.84428,19,,,,,,,,,,,,,,
2,50.63185,-3.38242,275,,,,,,,,,,,,,,
2,50.819522,-0.13642,4,,,,,,,,,,,,,,
2,50.798914,-1.091163,1,,,,,,,,,,,,,,
2,52.281943,-1.584471,3,,,,,,,,,,,,,,
2,53.238342,-2.999342,2,,,,,,,,,,,,,,
2,53.473517,-2.913271,2,,,,,,,,,,,,,,
2,52.119508,5.194365,275,,,,,,,,,,,,,,
2,52.405837,-1.512661,3,,,,,,,,,,,,,,
2,52.377566,-1.481544,9,,,,,,,,,,,,,,
2,56.490671,-4.202646,22,,,,,,,,,,,,,,
2,51.45451,-2.58791,3,,,,,,,,,,,,,,
2,52.94084,-4.17169,53,,,,,,,,,,,,,,
2,51.50813,-0.12801,36,,,,,,,,,,,,,,
2,51.25934,0.82672,21,,,,,,,,,,,,,,
2,53.41154,-2.99012,413,,,,,,,,,,,,,,
2,53.47216,-2.2534,98,,,,,,,,,,,,,,
2,53.5572,-2.40255,3,,,,,,,,,,,,,,
2,50.92062,0.28831,325,,,,,,,,,,,,,,
2,55.58333,-3.83333,9,,,,,,,,,,,,,,
2,54.61045,-2.80289,30,,,,,,,,,,,,,,
2,51.65849,-3.97441,1219,,,,,,,,,,,,,,
2,53.58444,-2.42862,31,,,,,,,,,,,,,,
2,53.96901,-2.62769,59,,,,,,,,,,,,,,
2,55.36409,-3.44842,2016,,,,,,,,,,,,,,
2,51.74677,-2.22579,62,,,,,,,,,,,,,,
2,54.68364,-1.82018,434,,,,,,,,,,,,,,
2,52.13066,-3.78371,1257,,,,,,,,,,,,,,
2,51.66517,-3.77165,36,,,,,,,,,,,,,,
2,54.5503,-1.21659,2,,,,,,,,,,,,,,
2,54.06276,-2.87189,75,,,,,,,,,,,,,,
2,51.74677,-2.22579,62,,,,,,,,,,,,,,
2,54.98642,-1.41899,19,,,,,,,,,,,,,,
2,52.14309,-3.37368,41,,,,,,,,,,,,,,
2,50.89362,-0.20681,2,,,,,,,,,,,,,,
2,56.23114,-4.46045,66,,,,,,,,,,,,,,
2,56.20821,-3.14952,19,,,,,,,,,,,,,,
2,51.51121,-0.11982,103,,,,,,,,,,,,,,
2,51.51121,-0.11982,62,,,,,,,,,,,,,,
2,54.77525,-1.58485,1,,,,,,,,,,,,,,
2,52.35552,-1.17432,1385,,,,,,,,,,,,,,
2,53.47932,-2.24849,36,,,,,,,,,,,,,,
2,53.38113,-1.47009,12,,,,,,,,,,,,,,
2,52.36799,-1.12085,70,,,,,,,,,,,,,,
2,55.37805,-3.435973,707,,,,,,,,,,,,,,
2,52.62847,-2.26231,11,,,,,,,,,,,,,,
2,51.61995,-3.81420,2,,,,,,,,,,,,,,
2,50.77721,-3.99946,1,,,,,,,,,,,,,,
2,51.63495,-3.9153,5,,,,,,,,,,,,,,
2,40.714353,-74.005973,2,,,,,,,,,,,,,,
2,37.09024,-95.712891,98,,,,,,,,,,,,,,
2,30.61118,-90.00299,1,,,,,,,,,,,,,,
7,30.69537,-88.03989,15,,,,,,,,,,,,,,
7,64.83778,-147.71639,130,,,,,,,,,,,,,,
7,34.04893,-111.09373,12000,,,,,,,,,,,,,,
7,33.44838,-112.07404,1,,,,,,,,,,,,,,
2,34.04893,-111.09373,1,,,,,,,,,,,,,,
2,33.44838,-112.07404,1,,,,,,,,,,,,,,
2,35.03130,-110.47163,7,,,,,,,,,,,,,,
2,35.20523,-91.82562,2,,,,,,,,,,,,,,
2,36.778261,-119.417932,28,,,,,,,,,,,,,,
2,34.17053,-118.53234,2,,,,,,,,,,,,,,
2,37.05134,-122.0733,2,,,,,,,,,,,,,,
2,37.85341,-121.9018,4,,,,,,,,,,,,,,
2,33.95335,-117.39616,3,,,,,,,,,,,,,,
2,37.56299,-122.32553,5,,,,,,,,,,,,,,
2,37.60169,-121.71955,4,,,,,,,,,,,,,,
2,34.38718,-118.11227,10,,,,,,,,,,,,,,
2,37.35411,-121.95524,1,,,,,,,,,,,,,,
2,36.60024,-121.89468,2,,,,,,,,,,,,,,
2,33.71747,-117.83114,22,,,,,,,,,,,,,,
2,35.49373,-118.85968,1,,,,,,,,,,,,,,
2,32.71533,-117.15726,6,,,,,,,,,,,,,,
2,33.94159,-118.40853,4,,,,,,,,,,,,,,
2,33.81049,-117.91900,129,,,,,,,,,,,,,,
2,34.95921,-116.41939,3,,,,,,,,,,,,,,
2,40.56811,-74.59502,1,,,,,,,,,,,,,,
2,38.75408,-96.06445,175,,,,,,,,,,,,,,
3,36.778261,-119.7932,9,,,,,,,,,,,,,,
3,37.87533,-122.24556,29,,,,,,,,,,,,,,
7,36.778261,-119.417932,1496,,,,,,,,,,,,,,
7,36.888261,-119.417932,5270,,,,,,,,,,,,,,
7,36.99954,-119.417932,1,,,,,,,,,,,,,,
7,36.778261,-119.417932,5,,,,,,,,,,,,,,
7,34.2642,-119.417932,4100,,,,,,,,,,,,,,
7,37.467380,-126.339112,10831,,,,,,,,,,,,,,
4,37.76922,-122.44814,1,,,,,,,,,,,,,,
2,41.14084,-73.26126,2,,,,,,,,,,,,,,
2,41.32669,-72.80428,1,,,,,,,,,,,,,,
4,39.550051,-105.782067,5,,,,,,,,,,,,,,
7,40.01499,-105.27055,37,,,,,,,,,,,,,,
7,39.64026,-106.3742,1510,,,,,,,,,,,,,,
7,40.53713,-102.34639,14,,,,,,,,,,,,,,
7,40.5266,-104.48,116,,,,,,,,,,,,,,
2,39.52806,-104.86972,2,,,,,,,,,,,,,,
2,39.64026,-106.37420,1,,,,,,,,,,,,,,
2,38.92028,-77.03344,2,,,,,,,,,,,,,,
2,39.29067,-75.63437,1,,,,,,,,,,,,,,
7,39.14406,-75.43447,48,,,,,,,,,,,,,,
2,39.53930,-75.66736,1,,,,,,,,,,,,,,
2,27.664827,-81.015754,1,,,,,,,,,,,,,,
2,27.664827,-81.515754,5,,,,,,,,,,,,,,
2,28.71317,-81.20782,2,,,,,,,,,,,,,,
2,26.1901,-80.36586,1,,,,,,,,,,,,,,
2,28.53834,-81.37924,1,,,,,,,,,,,,,,
7,26.1901,-80.36586,4,,,,,,,,,,,,,,
7,27.99036,-82.30177,40,,,,,,,,,,,,,,
4,27.664827,-81.515754,41,,,,,,,,,,,,,,
7,32.157435,-82.907123,247,,,,,,,,,,,,,,
2,32.17507,-82.85450,1,,,,,,,,,,,,,,
2,36.90194,-89.82361,1,,,,,,,,,,,,,,
2,19.89677,-155.58278,1,,,,,,,,,,,,,,
2,22.0833,-159.5000,12,,,,,,,,,,,,,,
7,44.068202,-114.742041,77,,,,,,,,,,,,,,
7,42.58364,-112.14302,1,,,,,,,,,,,,,,
7,43.47877,-116.24203,287,,,,,,,,,,,,,,
3,46.72881,-117.01261,10,,,,,,,,,,,,,,
3,43.61871,-116.21461,21,,,,,,,,,,,,,,
7,42.30401,-88.4016,313,,,,,,,,,,,,,,
7,38.90414,-89.92532,19,,,,,,,,,,,,,,
2,40.38851,-90.6773,2,,,,,,,,,,,,,,
2,39.78172,-89.65015,14,,,,,,,,,,,,,,
7,39.0108,-89.7878,24,,,,,,,,,,,,,,
2,40.55122,-85.0236,5,,,,,,,,,,,,,,
2,40.551217,-85.602364,14,,,,,,,,,,,,,,
2,40.01062,-86.49965,16,,,,,,,,,,,,,,
2,39.1763,-86.53437,1,,,,,,,,,,,,,,
2,39.18514,-86.49965,1,,,,,,,,,,,,,,
7,40.551217,-85.602364,500,,,,,,,,,,,,,,
7,38.60561,-86.10109,3,,,,,,,,,,,,,,
4,39.41654,-87.42075,100,,,,,,,,,,,,,,
2,41.878003,-93.097702,1,,,,,,,,,,,,,,
2,41.878003,-93.097702,1,,,,,,,,,,,,,,
7,41.88618,-93.11531,270,,,,,,,,,,,,,,
2,37.97169,-100.87266,6,,,,,,,,,,,,,,
2,38.845412,-94.852064,2,,,,,,,,,,,,,,
2,38.84541,-94.85206,27,,,,,,,,,,,,,,
7,38.97167,-95.23525,6,,,,,,,,,,,,,,
7,38.84541,-94.85206,491,,,,,,,,,,,,,,
7,44.76504,-69.71938,80,,,,,,,,,,,,,,
7,43.38453,-70.54399,6,,,,,,,,,,,,,,
2,45.253783,-69.445469,1,,,,,,,,,,,,,,
2,39.045755,-76.641271,4,,,,,,,,,,,,,,
2,39.04575,-76.64127,2,,,,,,,,,,,,,,
7,39.03665,-76.64612,133,,,,,,,,,,,,,,
3,39.34624,-76.61818,12,,,,,,,,,,,,,,
2,42.407211,-71.3002437,10,,,,,,,,,,,,,,
2,42.407211,-71.382437,2,,,,,,,,,,,,,,
3,42.358431,-71.059773,9,,,,,,,,,,,,,,
3,42.407211,-71.382437,3,,,,,,,,,,,,,,
2,42.36009,-71.09416,1,,,,,,,,,,,,,,
2,42.27929,-71.41616,2,,,,,,,,,,,,,,
2,42.46721,-71.28742,2,,,,,,,,,,,,,,
2,42.12204,-72.60092,1,,,,,,,,,,,,,,
2,42.32509,-72.64120,1,,,,,,,,,,,,,,
2,42.35000,-71.08180,1,,,,,,,,,,,,,,
7,42.32509,-72.6412,52,,,,,,,,,,,,,,
7,41.7200,-70.2500,17,,,,,,,,,,,,,,
2,44.314844,-85.602364,1,,,,,,,,,,,,,,
2,42.59219,-83.33619,1,,,,,,,,,,,,,,
2,44.26413,-85.63602,2,,,,,,,,,,,,,,
2,44.68798,-85.51384,2,,,,,,,,,,,,,,
2,42.59106,-83.32700,1,,,,,,,,,,,,,,
4,44.314844,-85.602364,3,,,,,,,,,,,,,,
7,44.314844,-85.602364,600,,,,,,,,,,,,,,
7,44.97304,-85.17691,1,,,,,,,,,,,,,,
7,44.7300°,-85.5500,81,,,,,,,,,,,,,,
7,42.59387,-85.90844,26,,,,,,,,,,,,,,
7,45.15382,-94.6859,46,,,,,,,,,,,,,,
7,45.63014,-94.01909,14,,,,,,,,,,,,,,
7,43.99518,-92.38136,98,,,,,,,,,,,,,,
7,45.02089,-93.50946,654,,,,,,,,,,,,,,
7,45.02089,-93.50946,4433,,,,,,,,,,,,,,
7,44.4100,-92.7200,11,,,,,,,,,,,,,,
2,44.979965,-93.263836,21,,,,,,,,,,,,,,
2,46.72955,-94.6859,21,,,,,,,,,,,,,,
2,45.02089,-93.50946,1,,,,,,,,,,,,,,
2,44.95370,-93.08996,21,,,,,,,,,,,,,,
2,45.01632,-93.71910,1,,,,,,,,,,,,,,
2,39.09973,-94.57857,11,,,,,,,,,,,,,,
2,44.97399,-93.22773,1,,,,,,,,,,,,,,
7,37.20896,-93.2923,4,,,,,,,,,,,,,,
7,48.42415,-114.15315,36,,,,,,,,,,,,,,
7,46.55886,-110.36257,355,,,,,,,,,,,,,,
7,45.78566,-108.43438,6,,,,,,,,,,,,,,
7,48.42415,-114.15315,225,,,,,,,,,,,,,,
7,47.49418,-111.28334,423,,,,,,,,,,,,,,
2,41.26570,-96.10507,1,,,,,,,,,,,,,,
2,41.72434,-99.67144,1,,,,,,,,,,,,,,
3,42.499198,-98.374572,20,,,,,,,,,,,,,,
7,40.81056,-96.68028,110,,,,,,,,,,,,,,
7,36.07956,-115.09405,22,,,,,,,,,,,,,,
7,41.1300,-115.3500,14,,,,,,,,,,,,,,
2,36.07956,-115.09405,9,,,,,,,,,,,,,,
2,38.77692,-114.85384,1,,,,,,,,,,,,,,
2,40.058324,-74.405661,4,,,,,,,,,,,,,,
2,40.57427,-74.60988,3,,,,,,,,,,,,,,
2,40.21705,-74.74294,1,,,,,,,,,,,,,,
2,40.66871,-74.11431,1,,,,,,,,,,,,,,
2,39.80559,-74.55947,1,,,,,,,,,,,,,,
3,40.05832,-74.40566,1,,,,,,,,,,,,,,
7,40.08213,-74.2097,14,,,,,,,,,,,,,,
7,40.3571,-74.6702,3,,,,,,,,,,,,,,
3,40.08213,-74.2097,1,,,,,,,,,,,,,,
2,34.97273,-105.032364,1,,,,,,,,,,,,,,
7,34.51994,-105.87009,112,,,,,,,,,,,,,,
7,35.1107,-106.60999,331,,,,,,,,,,,,,,
2,34.52452,-105.87962,1,,,,,,,,,,,,,,
2,36.57060,-106.65755,1,,,,,,,,,,,,,,
7,43.31195,-78.74762,15,,,,,,,,,,,,,,
7,40.84288,-73.29289,1288,,,,,,,,,,,,,,
7,43.02163,-78.96573,13,,,,,,,,,,,,,,
2,40.714353,-74.005973,11,,,,,,,,,,,,,,
2,40.714353,-73.995973,2,,,,,,,,,,,,,,
2,40.714353,-74.025973,1,,,,,,,,,,,,,,
2,40.714353,-74.15973,1,,,,,,,,,,,,,,
2,40.714353,-73.005973,1,,,,,,,,,,,,,,
2,40.65001,-73.95001,6,,,,,,,,,,,,,,
2,41.86438,-74.32843,1,,,,,,,,,,,,,,
2,40.70645,-73.95362,58,,,,,,,,,,,,,,
2,40.84700,-73.93732,26,,,,,,,,,,,,,,
2,40.65000,-73.95000,1,,,,,,,,,,,,,,
2,41.73379,-74.51543,2,,,,,,,,,,,,,,
3,40.714353,-74.1505973,57,,,,,,,,,,,,,,
3,40.71435,-74.00597,3502,,,,,,,,,,,,,,
7,44.44731,-74.93021,11,,,,,,,,,,,,,,
7,44.79042,-73.60058,2,,,,,,,,,,,,,,
2,42.72841,-73.69179,1,,,,,,,,,,,,,,
2,42.65258,-73.75623,1,,,,,,,,,,,,,,
7,36.01174,-79.42538,82,,,,,,,,,,,,,,
7,35.77959,-78.63818,326,,,,,,,,,,,,,,
7,35.59314,-82.47528,19,,,,,,,,,,,,,,
3,35.759573,-79.0193,1,,,,,,,,,,,,,,
2,36.0263,-79.10969,23,,,,,,,,,,,,,,
2,35.76978,-78.9941,3,,,,,,,,,,,,,,
2,35.7000,-79.2600,1,,,,,,,,,,,,,,
2,35.58486,-80.81007,1,,,,,,,,,,,,,,
7,47.55149,-101.00201,30,,,,,,,,,,,,,,
7,47.55149,-101.00201,58,,,,,,,,,,,,,,
7,47.55149,-101.00201,70,,,,,,,,,,,,,,
7,47.55149,-101.00201,179,,,,,,,,,,,,,,
7,40.417287,-82.907123,36,,,,,,,,,,,,,,
7,39.89121,-83.67739,901,,,,,,,,,,,,,,
7,40.36116,-83.75966,10,,,,,,,,,,,,,,
7,39.1000,-84.5167,20,,,,,,,,,,,,,,
3,39.96118,-82.99879,483,,,,,,,,,,,,,,
2,40.45956,-82.30177,382,,,,,,,,,,,,,,
7,43.80413,-120.5542,458,,,,,,,,,,,,,,
2,44.84464,-122.59274,6,,,,,,,,,,,,,,
2,43.80413,-120.5542,5,,,,,,,,,,,,,,
2,44.17009,-120.02849,1,,,,,,,,,,,,,,
2,40.371376,-77.240515,5,,,,,,,,,,,,,,
2,40.4108,-75.24791,4,,,,,,,,,,,,,,
2,39.95233,-75.16379,1,,,,,,,,,,,,,,
2,40.44062,-79.99589,5,,,,,,,,,,,,,,
2,40.45369,-80.01211,3,,,,,,,,,,,,,,
2,40.58879,-77.56806,1,,,,,,,,,,,,,,
7,40.44508,-80.00877,46,,,,,,,,,,,,,,
3,41.203322,-77.194525,9,,,,,,,,,,,,,,
3,40.43918,-79.98966,5,,,,,,,,,,,,,,
7,40.44508,-80.00877,140,,,,,,,,,,,,,,
7,41.53508,-78.52238,32,,,,,,,,,,,,,,
7,40.44062,-79.99589,11,,,,,,,,,,,,,,
2,41.580095,-71.477429,1,,,,,,,,,,,,,,
2,41.82399,-71.41283,1,,,,,,,,,,,,,,
7,34.90462,-82.64834,2,,,,,,,,,,,,,,
7,34.90462,-82.64834,30,,,,,,,,,,,,,,
7,43.969515,-99.901813,17,,,,,,,,,,,,,,
7,44.49082,-103.85937,10,,,,,,,,,,,,,,
2,43.70943,-98.02980,13,,,,,,,,,,,,,,
2,43.54460,-96.73110,1,,,,,,,,,,,,,,
2,43.70943,-98.02980,13,,,,,,,,,,,,,,
2,35.517491,-86.580447,2,,,,,,,,,,,,,,
2,36.20852,-86.60664,5,,,,,,,,,,,,,,
2,31.968599,-99.901813,1,,,,,,,,,,,,,,
2,29.77518,-95.31025,1,,,,,,,,,,,,,,
2,32.7732,-97.35166,15,,,,,,,,,,,,,,
2,32.72541,-97.32085,16,,,,,,,,,,,,,,
2,32.78014,-96.80045,1,,,,,,,,,,,,,,
2,-12.59641,-41.71841,2,,,,,,,,,,,,,,
2,32.7732,-97.35166,1,,,,,,,,,,,,,,
3,31.968599,-99.001424,1,,,,,,,,,,,,,,
7,31.13268,-97.52993,32,,,,,,,,,,,,,,
7,30.26382,-97.77139,3482,,,,,,,,,,,,,,
7,41.756,-113.1918,7,,,,,,,,,,,,,,
7,41.53801,-111.57068,96,,,,,,,,,,,,,,
7,40.96288,-112.09533,1497,,,,,,,,,,,,,,
2,39.32098,-111.09373,4,,,,,,,,,,,,,,
2,41.756,-111.76147,6,,,,,,,,,,,,,,
2,39.32098,-111.09373,1,,,,,,,,,,,,,,
2,39.66547,-110.08513,3,,,,,,,,,,,,,,
2,39.32098,-111.09373,1,,,,,,,,,,,,,,
7,41.26026,-111.95225,748,,,,,,,,,,,,,,
7,44.5588,-72.57784,632,,,,,,,,,,,,,,
2,37.431573,-78.656894,6,,,,,,,,,,,,,,
2,37.431573,-78.656894,3,,,,,,,,,,,,,,
2,38.95061,-77.40770,2,,,,,,,,,,,,,,
3,37.54072,-77.43605,15,,,,,,,,,,,,,,
7,36.94463,-80.32131,32,,,,,,,,,,,,,,
7,37.41375,-79.14225,1,,,,,,,,,,,,,,
7,38.90855,-77.24052,4,,,,,,,,,,,,,,
7,36.89494,-82.11608,18,,,,,,,,,,,,,,
7,47.751074,-120.740139,2,,,,,,,,,,,,,,
7,47.44732,-122.45985,1987,,,,,,,,,,,,,,
7,47.19356,-119.29864,13,,,,,,,,,,,,,,
7,48.19765,-122.57946,42,,,,,,,,,,,,,,
7,48.4242,-121.71144,433,,,,,,,,,,,,,,
7,48.033,-121.83395,408,,,,,,,,,,,,,,
7,47.28668,-119.28955,4783,,,,,,,,,,,,,,
2,47.56541,-122.00357,2,,,,,,,,,,,,,,
2,46.1746472,-122.7746902,1,,,,,,,,,,,,,,
2,47.60621,-122.33207,2,,,,,,,,,,,,,,
2,47.75107,-120.74014,12,,,,,,,,,,,,,,
2,47.54803,-121.9836,8,,,,,,,,,,,,,,
2,47.54803,-121.9836,2,,,,,,,,,,,,,,
2,47.44443,-122.30050,1,,,,,,,,,,,,,,
2,47.59180,-122.25911,2,,,,,,,,,,,,,,
2,47.58068,-122.05587,1,,,,,,,,,,,,,,
2,43.78444,-88.78787,3,,,,,,,,,,,,,,
2,43.78444,-88.78787,2,,,,,,,,,,,,,,
3,43.07305,-89.40123,5,,,,,,,,,,,,,,
7,44.85045,-89.8505,1078,,,,,,,,,,,,,,
7,44.85045,-89.8505,100,,,,,,,,,,,,,,
7,44.75089,-92.38136,3,,,,,,,,,,,,,,
7,43.78444,-88.78787,814,,,,,,,,,,,,,,
7,44.26193,-88.41538,5923,,,,,,,,,,,,,,
7,44.38358,-89.81735,31,,,,,,,,,,,,,,
4,0.61522,32.95898,20,,,,,,,,,,,,,,
2,1.38963,32.25543,1313,,,,,,,,,,,,,,
2,1.34158,32.32607,1216,,,,,,,,,,,,,,
2,1.37333,32.29028,112,,,,,,,,,,,,,,
2,0.78001,32.09106,3312,,,,,,,,,,,,,,
2,-0.1964,30.84425,38,,,,,,,,,,,,,,
2,1.43194,31.3525,159,,,,,,,,,,,,,,
2,3.03001,30.91,5,,,,,,,,,,,,,,
2,0.76825,31.07766,10,,,,,,,,,,,,,,
2,1.37333,32.29028,44,,,,,,,,,,,,,,
2,49.83968,24.02972,1112,,,,,,,,,,,,,,
2,50.4501,30.5234,10329,,,,,,,,,,,,,,
2,48.015883,37.80285,20,,,,,,,,,,,,,,
2,49.41097,26.08154,1952,,,,,,,,,,,,,,
2,49.99350,36.23038,47,,,,,,,,,,,,,,
6,49.839683,24.029717,18,,,,,,,,,,,,,,
2,14.05832,108.27720,3300,,,,,,,,,,,,,,
2,14.058324,108.277199,1,,,,,,,,,,,,,,
3,22.27594,104.19309,50,,,,,,,,,,,,,,
2,14.05832,108.27720,3688,,,,,,,,,,,,,,
6,11.32540,106.47702,29,,,,,,,,,,,,,,
2,16.847653,43.943679,157,,,,,,,,,,,,,,
2,15.35203,44.20746,3800,,,,,,,,,,,,,,
2,-13.9234,25.65308,13324,,,,,,,,,,,,,,
2,-13.1339,27.84933,10,,,,,,,,,,,,,,
2,-13.133897,27.849332,68,,,,,,,,,,,,,,
2,-13.133897,27.55532,3000,,,,,,,,,,,,,,
2,-13.09051,27.8421,15736,,,,,,,,,,,,,,
2,-13.09051,27.8421,26,,,,,,,,,,,,,,
2,-13.09954,27.85858,111,,,,,,,,,,,,,,
2,-13.805619,31.992808,6,,,,,,,,,,,,,,
2,-12.80383,28.21314,53,,,,,,,,,,,,,,
4,-12.55824,28.28482,2094,,,,,,,,,,,,,,
4,-14.38343,28.39294,204,,,,,,,,,,,,,,
2,-6.846813,39.271016,8173,,,,,,,,,,,,,,
2,-17.82922,31.053961,154,,,,,,,,,,,,,,
2,-19.01579,29.13239,9993,,,,,,,,,,,,,,
2,-20.65335,29.83887,524,,,,,,,,,,,,,,
2,-19.06163,29.15308,2,,,,,,,,,,,,,,
2,-19.015438,29.154857,3285,,,,,,,,,,,,,,
2,-22.070708,30.388184,70,,,,,,,,,,,,,,
4,-17.82922,31.05396,207,,,,,,,,,,,,,,
4,-18.47961,29.35547,3000,,,,,,,,,,,,,,
4,-17.90361,30.94389,1,,,,,,,,,,,,,,
1,33.94511,66.6534213,0,,,,,,,,,,,,,,
1,33.9340383,67.7034312,3,,,,,,,,,,,,,,
1,7.539381,-5.543922,0,,,,,,,,,,,,,,
1,20.593684,78.962880,0,,,,,,,,,,,,,,
1,24.8600,67.0100,0,,,,,,,,,,,,,,
1,9.5,8.8,0,,,,,,,,,,,,,,
1,12.099305,8.753624,0,,,,,,,,,,,,,,
1,9.8,9.4,0,,,,,,,,,,,,,,
1,9.9,8.7,0,,,,,,,,,,,,,,
1,9.4,9.7,0,,,,,,,,,,,,,,
1,10,9,0,,,,,,,,,,,,,,
1,9.3,8.4,0,,,,,,,,,,,,,,
1,9.077751,8.6774567,3,,,,,,,,,,,,,,
1,10.077751,9.6774567,9,,,,,,,,,,,,,,
1,9.077751,8.6774567,9,,,,,,,,,,,,,,
1,28,68,0,,,,,,,,,,,,,,
1,31.391158,71.641846,0,,,,,,,,,,,,,,
1,33,72,0,,,,,,,,,,,,,,
1,32.8,71.4,0,,,,,,,,,,,,,,
1,28,64,0,,,,,,,,,,,,,,
1,27,68,0,,,,,,,,,,,,,,
1,29,70,0,,,,,,,,,,,,,,
1,31.128199,72.147217,0,,,,,,,,,,,,,,
1,30.14,69,0,,,,,,,,,,,,,,
1,28.7,69.45,0,,,,,,,,,,,,,,
1,29.99,70.5,0,,,,,,,,,,,,,,
1,32,74,0,,,,,,,,,,,,,,
1,33.266250,72.872314,0,,,,,,,,,,,,,,
1,26,68,0,,,,,,,,,,,,,,
1,24.995,70.4,0,,,,,,,,,,,,,,
1,32,73,0,,,,,,,,,,,,,,
1,28,65,0,,,,,,,,,,,,,,
1,26,64,0,,,,,,,,,,,,,,
1,28,65,0,,,,,,,,,,,,,,
1,30,70,0,,,,,,,,,,,,,,
1,25,68,0,,,,,,,,,,,,,,
1,28,70,0,,,,,,,,,,,,,,
1,31,69,0,,,,,,,,,,,,,,
1,31,73,0,,,,,,,,,,,,,,
1,34.856902,71.429936,0,,,,,,,,,,,,,,
1,32.667476,69.859741,0,,,,,,,,,,,,,,
1,24.861462,67.009939,0,,,,,,,,,,,,,,
1,33.7167,73.0667,0,,,,,,,,,,,,,,
1,24.88,66.97,0,,,,,,,,,,,,,,
1,33.6667,73.1667,0,,,,,,,,,,,,,,
1,30.1833,67,0,,,,,,,,,,,,,,
1,34.0511024,72.0961149,0,,,,,,,,,,,,,,
1,28.809516,63.909960,2,,,,,,,,,,,,,,
1,28.4776626,65.569057,1,,,,,,,,,,,,,,
1,25.0111453,67.0647044,1,,,,,,,,,,,,,,
1,25.0111453,68.0647044,2,,,,,,,,,,,,,,
1,33.639718,70.803416,11,,,,,,,,,,,,,,
1,34.802470,71.880076,7,,,,,,,,,,,,,,
1,26.591938,64.547167,2,,,,,,,,,,,,,,
1,34.132210,72.099803,1,,,,,,,,,,,,,,
1,29.3894007,68.3532207,1,,,,,,,,,,,,,,
1,33.676296,71.880076,2,,,,,,,,,,,,,,
1,33.217951,72.824900,3,,,,,,,,,,,,,,
1,32.849537,73.176463,2,,,,,,,,,,,,,,
1,32.775670,73.396189,1,,,,,,,,,,,,,,
1,25.387182,69.578905,1,,,,,,,,,,,,,,
1,28.3894007,67.3532207,20,,,,,,,,,,,,,,
1,32.238300,73.725779,3,,,,,,,,,,,,,,
1,32.145326,73.571971,3,,,,,,,,,,,,,,
1,28.3894007,66.3532207,9,,,,,,,,,,,,,,
1,31.491860,73.967478,3,,,,,,,,,,,,,,
1,28.3894007,68.3532207,2,,,,,,,,,,,,,,
1,29.3894007,67.3532207,24,,,,,,,,,,,,,,
1,30.3894007,70.3532207,9,,,,,,,,,,,,,,
1,31.078753,72.011912,2,,,,,,,,,,,,,,
1,31.003449,71.484568,1,,,,,,,,,,,,,,
1,29.427576,72.033885,2,,,,,,,,,,,,,,
1,28.771003,70.963182,1,,,,,,,,,,,,,,
1,26.218013,69.315233,1,,,,,,,,,,,,,,
1,31.3894007,70.3532207,1,,,,,,,,,,,,,,
1,24.630512,68.348436,4,,,,,,,,,,,,,,
1,34.5,71.333,3,,,,,,,,,,,,,,
1,34.794391,74.529788,6,,,,,,,,,,,,,,
1,30,67,7,,,,,,,,,,,,,,
1,34.221934,71.568272,2,,,,,,,,,,,,,,
1,31.4483653,73.0740166,1,,,,,,,,,,,,,,
1,34.0511024,72.0961149,2,,,,,,,,,,,,,,
1,31.59861,69.19239,4,,,,,,,,,,,,,,
1,34.95262,72.33111,0,,,,,,,,,,,,,,
1,30.18297,66.99873,1,,,,,,,,,,,,,,
1,35.49203,72.52048,0,,,,,,,,,,,,,,
1,4.8,46.5,3,,,,,,,,,,,,,,
1,5.1632866,46.2037009,1,,,,,,,,,,,,,,
1,4.1632866,47.2037009,1,,,,,,,,,,,,,,
1,35.933333,36.633333,15,,,,,,,,,,,,,,
1,34.8158524,39.0464523,4,,,,,,,,,,,,,,
1,15.550738,48.514391,0,,,,,,,,,,,,,,
1,15.532815,48.494457,9,,,,,,,,,,,,,,
1,34.02110,71.28742,1,,,,,,,,,,,,,,
